[
    {
        "ip": "160.86.242.23",
        "port": 8080,
        "geolocation": {
            "status": "success",
            "country": "Japan",
            "countryCode": "JP",
            "region": "27",
            "regionName": "Osaka",
            "city": "Osaka",
            "zip": "541-0051",
            "lat": 34.6823,
            "lon": 135.5105,
            "timezone": "Asia/Tokyo",
            "isp": "Sony Network Communications Inc",
            "org": "Sony Network Communications Inc.",
            "as": "AS2527 Sony Network Communications Inc.",
            "query": "160.86.242.23"
        }
    },
    {
        "ip": "103.30.43.183",
        "port": 3128,
        "geolocation": {
            "status": "success",
            "country": "Hong Kong",
            "countryCode": "HK",
            "region": "",
            "regionName": "Kowloon",
            "city": "Hong Kong",
            "zip": "96521",
            "lat": 22.3186,
            "lon": 114.18,
            "timezone": "Asia/Hong_Kong",
            "isp": "HKVPS",
            "org": "HongKong Virtual Internal Server Company Limited",
            "as": "AS55933 Cloudie Limited",
            "query": "103.30.43.183"
        }
    },
    {
        "ip": "118.70.184.10",
        "port": 31300,
        "geolocation": {
            "status": "success",
            "country": "Vietnam",
            "countryCode": "VN",
            "region": "HN",
            "regionName": "Hanoi",
            "city": "Hanoi",
            "zip": "",
            "lat": 21.0292,
            "lon": 105.8526,
            "timezone": "Asia/Bangkok",
            "isp": "Vietnam Internet Network Information Center",
            "org": "",
            "as": "AS18403 FPT Telecom Company",
            "query": "118.70.184.10"
        }
    },
    {
        "ip": "171.244.60.55",
        "port": 8080,
        "geolocation": {
            "status": "success",
            "country": "Vietnam",
            "countryCode": "VN",
            "region": "09",
            "regionName": "L\u1ea1ng S\u01a1n Province",
            "city": "B\u1eafc S\u01a1n",
            "zip": "",
            "lat": 21.9,
            "lon": 106.321,
            "timezone": "Asia/Bangkok",
            "isp": "VIETEL",
            "org": "Viettel Corporation",
            "as": "AS38731 Vietel - CHT Compamy Ltd",
            "query": "171.244.60.55"
        }
    },
    {
        "ip": "211.104.20.205",
        "port": 8080,
        "geolocation": {
            "status": "success",
            "country": "South Korea",
            "countryCode": "KR",
            "region": "11",
            "regionName": "Seoul",
            "city": "Seoul",
            "zip": "04524",
            "lat": 37.5794,
            "lon": 126.9754,
            "timezone": "Asia/Seoul",
            "isp": "Korea Telecom",
            "org": "Jusikhoesa itekeusiseu",
            "as": "AS4766 Korea Telecom",
            "query": "211.104.20.205"
        }
    },
    {
        "ip": "103.242.104.146",
        "port": 3127,
        "geolocation": {
            "status": "success",
            "country": "Indonesia",
            "countryCode": "ID",
            "region": "JB",
            "regionName": "West Java",
            "city": "Bekasi",
            "zip": "",
            "lat": -6.2352,
            "lon": 106.9922,
            "timezone": "Asia/Jakarta",
            "isp": "PT Lintas Jaringan Nusantara",
            "org": "PT Lintas Jaringan Nusantara",
            "as": "AS58821 PT Lintas Jaringan Nusantara",
            "query": "103.242.104.146"
        }
    },
    {
        "ip": "64.92.82.59",
        "port": 8080,
        "geolocation": {
            "status": "success",
            "country": "United States",
            "countryCode": "US",
            "region": "CA",
            "regionName": "California",
            "city": "Chula Vista",
            "zip": "91921",
            "lat": 32.64,
            "lon": -117.084,
            "timezone": "America/Los_Angeles",
            "isp": "Momentum Telecom, Inc.",
            "org": "Momentum Telecom, Inc.",
            "as": "AS33059 Momentum Telecom, Inc.",
            "query": "64.92.82.59"
        }
    },
    {
        "ip": "190.220.1.173",
        "port": 56974,
        "geolocation": {
            "status": "success",
            "country": "Argentina",
            "countryCode": "AR",
            "region": "B",
            "regionName": "Buenos Aires",
            "city": "Buenos Aires",
            "zip": "1772",
            "lat": -36,
            "lon": -59.9964,
            "timezone": "America/Argentina/Buenos_Aires",
            "isp": "Techtel LMDS Comunicaciones Interactivas S.A.",
            "org": "RYO VALLE SRL",
            "as": "AS11664 Techtel LMDS Comunicaciones Interactivas S.A.",
            "query": "190.220.1.173"
        }
    },
    {
        "ip": "36.67.7.74",
        "port": 8080,
        "geolocation": {
            "status": "success",
            "country": "Indonesia",
            "countryCode": "ID",
            "region": "JT",
            "regionName": "Central Java",
            "city": "Semarang",
            "zip": "",
            "lat": -6.9932,
            "lon": 110.4215,
            "timezone": "Asia/Jakarta",
            "isp": "PT. Telekomunikasi Indonesia",
            "org": "",
            "as": "AS7713 PT Telekomunikasi Indonesia",
            "query": "36.67.7.74"
        }
    },
    {
        "ip": "64.92.82.59",
        "port": 8080,
        "geolocation": {
            "status": "success",
            "country": "United States",
            "countryCode": "US",
            "region": "CA",
            "regionName": "California",
            "city": "Chula Vista",
            "zip": "91921",
            "lat": 32.64,
            "lon": -117.084,
            "timezone": "America/Los_Angeles",
            "isp": "Momentum Telecom, Inc.",
            "org": "Momentum Telecom, Inc.",
            "as": "AS33059 Momentum Telecom, Inc.",
            "query": "64.92.82.59"
        }
    },
    {
        "ip": "152.26.229.47",
        "port": 9443,
        "geolocation": {
            "status": "success",
            "country": "United States",
            "countryCode": "US",
            "region": "NC",
            "regionName": "North Carolina",
            "city": "Concord",
            "zip": "28027",
            "lat": 35.4155,
            "lon": -80.6143,
            "timezone": "America/New_York",
            "isp": "MCNC",
            "org": "MCNC",
            "as": "AS81 MCNC",
            "query": "152.26.229.47"
        }
    },
    {
        "ip": "152.26.231.94",
        "port": 9443,
        "geolocation": {
            "status": "success",
            "country": "United States",
            "countryCode": "US",
            "region": "NC",
            "regionName": "North Carolina",
            "city": "Concord",
            "zip": "28027",
            "lat": 35.4155,
            "lon": -80.6143,
            "timezone": "America/New_York",
            "isp": "MCNC",
            "org": "MCNC",
            "as": "AS81 MCNC",
            "query": "152.26.231.94"
        }
    },
    {
        "ip": "152.26.229.93",
        "port": 9443,
        "geolocation": {
            "status": "success",
            "country": "United States",
            "countryCode": "US",
            "region": "NC",
            "regionName": "North Carolina",
            "city": "Concord",
            "zip": "28027",
            "lat": 35.4155,
            "lon": -80.6143,
            "timezone": "America/New_York",
            "isp": "MCNC",
            "org": "MCNC",
            "as": "AS81 MCNC",
            "query": "152.26.229.93"
        }
    },
    {
        "ip": "161.34.40.112",
        "port": 3128,
        "geolocation": {
            "status": "success",
            "country": "Japan",
            "countryCode": "JP",
            "region": "12",
            "regionName": "Chiba",
            "city": "Higashifunabashi",
            "zip": "273-0001",
            "lat": 35.7074,
            "lon": 139.9955,
            "timezone": "Asia/Tokyo",
            "isp": "NTT PC Communications, Inc.",
            "org": "NTTPC Communications, Inc",
            "as": "AS2514 NTT PC Communications, Inc.",
            "query": "161.34.40.112"
        }
    },
    {
        "ip": "152.26.229.83",
        "port": 9443,
        "geolocation": {
            "status": "success",
            "country": "United States",
            "countryCode": "US",
            "region": "NC",
            "regionName": "North Carolina",
            "city": "Concord",
            "zip": "28027",
            "lat": 35.4155,
            "lon": -80.6143,
            "timezone": "America/New_York",
            "isp": "MCNC",
            "org": "MCNC",
            "as": "AS81 MCNC",
            "query": "152.26.229.83"
        }
    },
    {
        "ip": "38.191.200.72",
        "port": 999,
        "geolocation": {
            "status": "success",
            "country": "Colombia",
            "countryCode": "CO",
            "region": "MET",
            "regionName": "Meta Department",
            "city": "Villavicencio",
            "zip": "500001",
            "lat": 4.1409,
            "lon": -73.626,
            "timezone": "America/Bogota",
            "isp": "Cogent Communications",
            "org": "",
            "as": "AS174 Cogent Communications",
            "query": "38.191.200.72"
        }
    },
    {
        "ip": "152.26.231.86",
        "port": 9443,
        "geolocation": {
            "status": "success",
            "country": "United States",
            "countryCode": "US",
            "region": "NC",
            "regionName": "North Carolina",
            "city": "Concord",
            "zip": "28027",
            "lat": 35.4155,
            "lon": -80.6143,
            "timezone": "America/New_York",
            "isp": "MCNC",
            "org": "MCNC",
            "as": "AS81 MCNC",
            "query": "152.26.231.86"
        }
    },
    {
        "ip": "72.10.160.93",
        "port": 11967,
        "geolocation": {
            "status": "success",
            "country": "Canada",
            "countryCode": "CA",
            "region": "QC",
            "regionName": "Quebec",
            "city": "Montreal",
            "zip": "H4X",
            "lat": 45.5049,
            "lon": -73.573,
            "timezone": "America/Toronto",
            "isp": "GloboTech Communications",
            "org": "",
            "as": "AS36666 GloboTech Communications",
            "query": "72.10.160.93"
        }
    },
    {
        "ip": "5.161.114.204",
        "port": 4228,
        "geolocation": {
            "status": "success",
            "country": "United States",
            "countryCode": "US",
            "region": "VA",
            "regionName": "Virginia",
            "city": "Ashburn",
            "zip": "20149",
            "lat": 39.0469,
            "lon": -77.4903,
            "timezone": "America/New_York",
            "isp": "Hetzner Online GmbH",
            "org": "Hetzner Online GmbH",
            "as": "AS213230 Hetzner Online GmbH",
            "query": "5.161.114.204"
        }
    },
    {
        "ip": "152.26.229.46",
        "port": 9443,
        "geolocation": {
            "status": "success",
            "country": "United States",
            "countryCode": "US",
            "region": "NC",
            "regionName": "North Carolina",
            "city": "Concord",
            "zip": "28027",
            "lat": 35.4155,
            "lon": -80.6143,
            "timezone": "America/New_York",
            "isp": "MCNC",
            "org": "MCNC",
            "as": "AS81 MCNC",
            "query": "152.26.229.46"
        }
    },
    {
        "ip": "152.26.231.42",
        "port": 9443,
        "geolocation": {
            "status": "success",
            "country": "United States",
            "countryCode": "US",
            "region": "NC",
            "regionName": "North Carolina",
            "city": "Concord",
            "zip": "28027",
            "lat": 35.4155,
            "lon": -80.6143,
            "timezone": "America/New_York",
            "isp": "MCNC",
            "org": "MCNC",
            "as": "AS81 MCNC",
            "query": "152.26.231.42"
        }
    },
    {
        "ip": "152.26.231.93",
        "port": 9443,
        "geolocation": {
            "status": "success",
            "country": "United States",
            "countryCode": "US",
            "region": "NC",
            "regionName": "North Carolina",
            "city": "Concord",
            "zip": "28027",
            "lat": 35.4155,
            "lon": -80.6143,
            "timezone": "America/New_York",
            "isp": "MCNC",
            "org": "MCNC",
            "as": "AS81 MCNC",
            "query": "152.26.231.93"
        }
    },
    {
        "ip": "67.43.227.228",
        "port": 3173,
        "geolocation": {
            "status": "success",
            "country": "Canada",
            "countryCode": "CA",
            "region": "QC",
            "regionName": "Quebec",
            "city": "Montreal",
            "zip": "H4X",
            "lat": 45.5049,
            "lon": -73.573,
            "timezone": "America/Toronto",
            "isp": "GloboTech Communications",
            "org": "",
            "as": "AS36666 GloboTech Communications",
            "query": "67.43.227.228"
        }
    },
    {
        "ip": "174.138.167.250",
        "port": 8080,
        "geolocation": {
            "status": "success",
            "country": "United States",
            "countryCode": "US",
            "region": "AZ",
            "regionName": "Arizona",
            "city": "Phoenix",
            "zip": "85036",
            "lat": 33.4475,
            "lon": -112.0866,
            "timezone": "America/Phoenix",
            "isp": "Secured Servers LLC",
            "org": "AeroVPS",
            "as": "AS20454 SECURED SERVERS LLC",
            "query": "174.138.167.250"
        }
    },
    {
        "ip": "38.191.200.75",
        "port": 999,
        "geolocation": {
            "status": "success",
            "country": "Colombia",
            "countryCode": "CO",
            "region": "MET",
            "regionName": "Meta Department",
            "city": "Villavicencio",
            "zip": "500001",
            "lat": 4.1409,
            "lon": -73.626,
            "timezone": "America/Bogota",
            "isp": "Cogent Communications",
            "org": "",
            "as": "AS174 Cogent Communications",
            "query": "38.191.200.75"
        }
    },
    {
        "ip": "67.43.236.20",
        "port": 22395,
        "geolocation": {
            "status": "success",
            "country": "Canada",
            "countryCode": "CA",
            "region": "QC",
            "regionName": "Quebec",
            "city": "Montreal",
            "zip": "H4X",
            "lat": 45.5049,
            "lon": -73.573,
            "timezone": "America/Toronto",
            "isp": "GloboTech Communications",
            "org": "",
            "as": "AS36666 GloboTech Communications",
            "query": "67.43.236.20"
        }
    },
    {
        "ip": "161.34.40.114",
        "port": 3128,
        "geolocation": {
            "status": "success",
            "country": "Japan",
            "countryCode": "JP",
            "region": "12",
            "regionName": "Chiba",
            "city": "Higashifunabashi",
            "zip": "273-0001",
            "lat": 35.7074,
            "lon": 139.9955,
            "timezone": "Asia/Tokyo",
            "isp": "NTT PC Communications, Inc.",
            "org": "NTTPC Communications, Inc",
            "as": "AS2514 NTT PC Communications, Inc.",
            "query": "161.34.40.114"
        }
    },
    {
        "ip": "20.27.86.185",
        "port": 8080,
        "geolocation": {
            "status": "success",
            "country": "Japan",
            "countryCode": "JP",
            "region": "27",
            "regionName": "\u014csaka",
            "city": "Osaka",
            "zip": "540-0002",
            "lat": 34.6939,
            "lon": 135.5022,
            "timezone": "Asia/Tokyo",
            "isp": "Microsoft Corporation",
            "org": "Microsoft Azure Cloud (japanwest)",
            "as": "AS8075 Microsoft Corporation",
            "query": "20.27.86.185"
        }
    },
    {
        "ip": "160.86.242.23",
        "port": 8080,
        "geolocation": {
            "status": "success",
            "country": "Japan",
            "countryCode": "JP",
            "region": "27",
            "regionName": "Osaka",
            "city": "Osaka",
            "zip": "541-0051",
            "lat": 34.6823,
            "lon": 135.5105,
            "timezone": "Asia/Tokyo",
            "isp": "Sony Network Communications Inc",
            "org": "Sony Network Communications Inc.",
            "as": "AS2527 Sony Network Communications Inc.",
            "query": "160.86.242.23"
        }
    },
    {
        "ip": "72.10.160.90",
        "port": 5997,
        "geolocation": {
            "status": "success",
            "country": "Canada",
            "countryCode": "CA",
            "region": "QC",
            "regionName": "Quebec",
            "city": "Montreal",
            "zip": "H4X",
            "lat": 45.5049,
            "lon": -73.573,
            "timezone": "America/Toronto",
            "isp": "GloboTech Communications",
            "org": "",
            "as": "AS36666 GloboTech Communications",
            "query": "72.10.160.90"
        }
    },
    {
        "ip": "161.34.40.37",
        "port": 3128,
        "geolocation": {
            "status": "success",
            "country": "Japan",
            "countryCode": "JP",
            "region": "12",
            "regionName": "Chiba",
            "city": "Higashifunabashi",
            "zip": "273-0001",
            "lat": 35.7074,
            "lon": 139.9955,
            "timezone": "Asia/Tokyo",
            "isp": "NTT PC Communications, Inc.",
            "org": "NTTPC Communications, Inc",
            "as": "AS2514 NTT PC Communications, Inc.",
            "query": "161.34.40.37"
        }
    },
    {
        "ip": "72.10.160.90",
        "port": 5997,
        "geolocation": {
            "status": "success",
            "country": "Canada",
            "countryCode": "CA",
            "region": "QC",
            "regionName": "Quebec",
            "city": "Montreal",
            "zip": "H4X",
            "lat": 45.5049,
            "lon": -73.573,
            "timezone": "America/Toronto",
            "isp": "GloboTech Communications",
            "org": "",
            "as": "AS36666 GloboTech Communications",
            "query": "72.10.160.90"
        }
    },
    {
        "ip": "178.48.68.61",
        "port": 18080,
        "geolocation": {
            "status": "success",
            "country": "Hungary",
            "countryCode": "HU",
            "region": "PE",
            "regionName": "Pest County",
            "city": "Szigetszentmikl\u00f3s",
            "zip": "2310",
            "lat": 47.339,
            "lon": 19.0399,
            "timezone": "Europe/Budapest",
            "isp": "UPC",
            "org": "UPC Magyarorszag Kft.",
            "as": "AS21334 Vodafone Hungary Ltd.",
            "query": "178.48.68.61"
        }
    },
    {
        "ip": "161.34.40.116",
        "port": 3128,
        "geolocation": {
            "status": "success",
            "country": "Japan",
            "countryCode": "JP",
            "region": "12",
            "regionName": "Chiba",
            "city": "Higashifunabashi",
            "zip": "273-0001",
            "lat": 35.7074,
            "lon": 139.9955,
            "timezone": "Asia/Tokyo",
            "isp": "NTT PC Communications, Inc.",
            "org": "NTTPC Communications, Inc",
            "as": "AS2514 NTT PC Communications, Inc.",
            "query": "161.34.40.116"
        }
    },
    {
        "ip": "152.26.231.83",
        "port": 9443,
        "geolocation": {
            "status": "success",
            "country": "United States",
            "countryCode": "US",
            "region": "NC",
            "regionName": "North Carolina",
            "city": "Concord",
            "zip": "28027",
            "lat": 35.4155,
            "lon": -80.6143,
            "timezone": "America/New_York",
            "isp": "MCNC",
            "org": "MCNC",
            "as": "AS81 MCNC",
            "query": "152.26.231.83"
        }
    },
    {
        "ip": "114.214.162.21",
        "port": 7897,
        "geolocation": {
            "status": "success",
            "country": "China",
            "countryCode": "CN",
            "region": "AH",
            "regionName": "Anhui",
            "city": "Hefei",
            "zip": "230000",
            "lat": 31.822,
            "lon": 117.281,
            "timezone": "Asia/Shanghai",
            "isp": "CERNET",
            "org": "中国科鸭际醮笱, University of Science and Technology of China",
            "as": "AS4538 China Education and Research Network Center",
            "query": "114.214.162.21"
        }
    },
    {
        "ip": "67.43.236.20",
        "port": 22395,
        "geolocation": {
            "status": "success",
            "country": "Canada",
            "countryCode": "CA",
            "region": "QC",
            "regionName": "Quebec",
            "city": "Montreal",
            "zip": "H4X",
            "lat": 45.5049,
            "lon": -73.573,
            "timezone": "America/Toronto",
            "isp": "GloboTech Communications",
            "org": "",
            "as": "AS36666 GloboTech Communications",
            "query": "67.43.236.20"
        }
    },
    {
        "ip": "67.43.228.253",
        "port": 26537,
        "geolocation": {
            "status": "success",
            "country": "Canada",
            "countryCode": "CA",
            "region": "QC",
            "regionName": "Quebec",
            "city": "Montreal",
            "zip": "H4X",
            "lat": 45.5049,
            "lon": -73.573,
            "timezone": "America/Toronto",
            "isp": "GloboTech Communications",
            "org": "",
            "as": "AS36666 GloboTech Communications",
            "query": "67.43.228.253"
        }
    },
    {
        "ip": "36.37.163.254",
        "port": 8080,
        "geolocation": {
            "status": "success",
            "country": "Cambodia",
            "countryCode": "KH",
            "region": "12",
            "regionName": "Phnom Penh",
            "city": "Phnom Penh",
            "zip": "",
            "lat": 11.5583,
            "lon": 104.9121,
            "timezone": "Asia/Phnom_Penh",
            "isp": "VIETTEL (CAMBODIA) PTE., LTD",
            "org": "Viettel (cambodia) Pte., Ltd.",
            "as": "AS38623 ISP/IXP IN CAMBODIA WITH THE BEST VERVICE IN THERE.",
            "query": "36.37.163.254"
        }
    },
    {
        "ip": "152.26.229.34",
        "port": 9443,
        "geolocation": {
            "status": "success",
            "country": "United States",
            "countryCode": "US",
            "region": "NC",
            "regionName": "North Carolina",
            "city": "Concord",
            "zip": "28027",
            "lat": 35.4155,
            "lon": -80.6143,
            "timezone": "America/New_York",
            "isp": "MCNC",
            "org": "MCNC",
            "as": "AS81 MCNC",
            "query": "152.26.229.34"
        }
    },
    {
        "ip": "103.84.177.26",
        "port": 8083,
        "geolocation": {
            "status": "success",
            "country": "Philippines",
            "countryCode": "PH",
            "region": "06",
            "regionName": "Western Visayas",
            "city": "Iloilo City",
            "zip": "5001",
            "lat": 10.7763,
            "lon": 122.5458,
            "timezone": "Asia/Manila",
            "isp": "Panay Broadband / Buenavista Cable TV., Inc.",
            "org": "Panay Broadband / Buenavista Cable TV., Inc",
            "as": "AS136244 Panay Broadband / Buenavista Cable TV Inc.",
            "query": "103.84.177.26"
        }
    },
    {
        "ip": "67.43.227.227",
        "port": 30613,
        "geolocation": {
            "status": "success",
            "country": "Canada",
            "countryCode": "CA",
            "region": "QC",
            "regionName": "Quebec",
            "city": "Montreal",
            "zip": "H4X",
            "lat": 45.5049,
            "lon": -73.573,
            "timezone": "America/Toronto",
            "isp": "GloboTech Communications",
            "org": "",
            "as": "AS36666 GloboTech Communications",
            "query": "67.43.227.227"
        }
    },
    {
        "ip": "34.100.188.246",
        "port": 8888,
        "geolocation": {
            "status": "success",
            "country": "India",
            "countryCode": "IN",
            "region": "MH",
            "regionName": "Maharashtra",
            "city": "Mumbai",
            "zip": "",
            "lat": 19.0759,
            "lon": 72.8776,
            "timezone": "Asia/Kolkata",
            "isp": "Google LLC",
            "org": "Google Cloud (asia-south1)",
            "as": "AS396982 Google LLC",
            "query": "34.100.188.246"
        }
    },
    {
        "ip": "64.92.82.59",
        "port": 8080,
        "geolocation": {
            "status": "success",
            "country": "United States",
            "countryCode": "US",
            "region": "CA",
            "regionName": "California",
            "city": "Chula Vista",
            "zip": "91921",
            "lat": 32.64,
            "lon": -117.084,
            "timezone": "America/Los_Angeles",
            "isp": "Momentum Telecom, Inc.",
            "org": "Momentum Telecom, Inc.",
            "as": "AS33059 Momentum Telecom, Inc.",
            "query": "64.92.82.59"
        }
    },
    {
        "ip": "103.156.74.154",
        "port": 8080,
        "geolocation": {
            "status": "success",
            "country": "Indonesia",
            "countryCode": "ID",
            "region": "BA",
            "regionName": "Bali",
            "city": "Gianyar",
            "zip": "",
            "lat": -8.5425,
            "lon": 115.3296,
            "timezone": "Asia/Makassar",
            "isp": "PT Trika Global Media",
            "org": "PT Trika Global Media",
            "as": "AS141082 PT Trika Global Media",
            "query": "103.156.74.154"
        }
    },
    {
        "ip": "155.232.186.16",
        "port": 3128,
        "geolocation": {
            "status": "success",
            "country": "South Africa",
            "countryCode": "ZA",
            "region": "WC",
            "regionName": "Western Cape",
            "city": "Cape Town",
            "zip": "7945",
            "lat": -33.9221,
            "lon": 18.4231,
            "timezone": "Africa/Johannesburg",
            "isp": "TENET (The UNINET Project)",
            "org": "TENET (The UNINET Project)",
            "as": "AS2018 TENET (The UNINET Project)",
            "query": "155.232.186.16"
        }
    },
    {
        "ip": "67.43.227.227",
        "port": 30613,
        "geolocation": {
            "status": "success",
            "country": "Canada",
            "countryCode": "CA",
            "region": "QC",
            "regionName": "Quebec",
            "city": "Montreal",
            "zip": "H4X",
            "lat": 45.5049,
            "lon": -73.573,
            "timezone": "America/Toronto",
            "isp": "GloboTech Communications",
            "org": "",
            "as": "AS36666 GloboTech Communications",
            "query": "67.43.227.227"
        }
    },
    {
        "ip": "67.43.236.20",
        "port": 22395,
        "geolocation": {
            "status": "success",
            "country": "Canada",
            "countryCode": "CA",
            "region": "QC",
            "regionName": "Quebec",
            "city": "Montreal",
            "zip": "H4X",
            "lat": 45.5049,
            "lon": -73.573,
            "timezone": "America/Toronto",
            "isp": "GloboTech Communications",
            "org": "",
            "as": "AS36666 GloboTech Communications",
            "query": "67.43.236.20"
        }
    },
    {
        "ip": "112.201.189.202",
        "port": 8082,
        "geolocation": {
            "status": "success",
            "country": "Philippines",
            "countryCode": "PH",
            "region": "00",
            "regionName": "Metro Manila",
            "city": "Taguig",
            "zip": "1632",
            "lat": 14.5185,
            "lon": 121.0689,
            "timezone": "Asia/Manila",
            "isp": "Philippine Long Distance Telephone Co.",
            "org": "",
            "as": "AS9299 Philippine Long Distance Telephone Company",
            "query": "112.201.189.202"
        }
    },
    {
        "ip": "67.43.236.20",
        "port": 22395,
        "geolocation": {
            "status": "success",
            "country": "Canada",
            "countryCode": "CA",
            "region": "QC",
            "regionName": "Quebec",
            "city": "Montreal",
            "zip": "H4X",
            "lat": 45.5049,
            "lon": -73.573,
            "timezone": "America/Toronto",
            "isp": "GloboTech Communications",
            "org": "",
            "as": "AS36666 GloboTech Communications",
            "query": "67.43.236.20"
        }
    },
    {
        "ip": "67.43.227.226",
        "port": 8163,
        "geolocation": {
            "status": "success",
            "country": "Canada",
            "countryCode": "CA",
            "region": "QC",
            "regionName": "Quebec",
            "city": "Montreal",
            "zip": "H4X",
            "lat": 45.5049,
            "lon": -73.573,
            "timezone": "America/Toronto",
            "isp": "GloboTech Communications",
            "org": "",
            "as": "AS36666 GloboTech Communications",
            "query": "67.43.227.226"
        }
    },
    {
        "ip": "190.94.212.247",
        "port": 999,
        "geolocation": {
            "status": "success",
            "country": "Venezuela",
            "countryCode": "VE",
            "region": "A",
            "regionName": "Distrito Federal",
            "city": "Caracas",
            "zip": "",
            "lat": 10.4873,
            "lon": -66.8738,
            "timezone": "America/Caracas",
            "isp": "IFX Networks Venezuela C.A.",
            "org": "IFX Networks Venezuela C.A",
            "as": "AS8053 IFX Networks Venezuela C.A.",
            "query": "190.94.212.247"
        }
    },
    {
        "ip": "67.43.236.20",
        "port": 22395,
        "geolocation": {
            "status": "success",
            "country": "Canada",
            "countryCode": "CA",
            "region": "QC",
            "regionName": "Quebec",
            "city": "Montreal",
            "zip": "H4X",
            "lat": 45.5049,
            "lon": -73.573,
            "timezone": "America/Toronto",
            "isp": "GloboTech Communications",
            "org": "",
            "as": "AS36666 GloboTech Communications",
            "query": "67.43.236.20"
        }
    },
    {
        "ip": "201.144.25.10",
        "port": 8080,
        "geolocation": {
            "status": "success",
            "country": "Mexico",
            "countryCode": "MX",
            "region": "CMX",
            "regionName": "Mexico City",
            "city": "Mexico City",
            "zip": "06725",
            "lat": 19.4196,
            "lon": -99.1428,
            "timezone": "America/Mexico_City",
            "isp": "UNINET",
            "org": "Gesti\u00f3n de direccionamiento UniNet",
            "as": "AS8151 UNINET",
            "query": "201.144.25.10"
        }
    },
    {
        "ip": "152.26.229.42",
        "port": 9443,
        "geolocation": {
            "status": "success",
            "country": "United States",
            "countryCode": "US",
            "region": "NC",
            "regionName": "North Carolina",
            "city": "Concord",
            "zip": "28027",
            "lat": 35.4155,
            "lon": -80.6143,
            "timezone": "America/New_York",
            "isp": "MCNC",
            "org": "MCNC",
            "as": "AS81 MCNC",
            "query": "152.26.229.42"
        }
    },
    {
        "ip": "45.174.95.242",
        "port": 8080,
        "geolocation": {
            "status": "success",
            "country": "Mexico",
            "countryCode": "MX",
            "region": "OAX",
            "regionName": "Oaxaca",
            "city": "San Juan Bautista Tuxtla",
            "zip": "68313",
            "lat": 18.0286,
            "lon": -96.0925,
            "timezone": "America/Mexico_City",
            "isp": "Enlace de Datos y Redes SA de CV",
            "org": "Enlace de Datos y Redes SA de CV",
            "as": "AS28429 Enlace de Datos y Redes SA de CV",
            "query": "45.174.95.242"
        }
    },
    {
        "ip": "67.43.228.253",
        "port": 26537,
        "geolocation": {
            "status": "success",
            "country": "Canada",
            "countryCode": "CA",
            "region": "QC",
            "regionName": "Quebec",
            "city": "Montreal",
            "zip": "H4X",
            "lat": 45.5049,
            "lon": -73.573,
            "timezone": "America/Toronto",
            "isp": "GloboTech Communications",
            "org": "",
            "as": "AS36666 GloboTech Communications",
            "query": "67.43.228.253"
        }
    },
    {
        "ip": "67.43.236.20",
        "port": 22395,
        "geolocation": {
            "status": "success",
            "country": "Canada",
            "countryCode": "CA",
            "region": "QC",
            "regionName": "Quebec",
            "city": "Montreal",
            "zip": "H4X",
            "lat": 45.5049,
            "lon": -73.573,
            "timezone": "America/Toronto",
            "isp": "GloboTech Communications",
            "org": "",
            "as": "AS36666 GloboTech Communications",
            "query": "67.43.236.20"
        }
    },
    {
        "ip": "120.28.222.2",
        "port": 8081,
        "geolocation": {
            "status": "success",
            "country": "Philippines",
            "countryCode": "PH",
            "region": "10",
            "regionName": "Northern Mindanao",
            "city": "Cagayan de Oro",
            "zip": "9000",
            "lat": 8.485,
            "lon": 124.648,
            "timezone": "Asia/Manila",
            "isp": "Globe Telecom",
            "org": "",
            "as": "AS132199 Globe Telecom Inc.",
            "query": "120.28.222.2"
        }
    },
    {
        "ip": "36.37.146.119",
        "port": 32650,
        "geolocation": {
            "status": "success",
            "country": "Cambodia",
            "countryCode": "KH",
            "region": "12",
            "regionName": "Phnom Penh",
            "city": "Phnom Penh",
            "zip": "",
            "lat": 11.5625,
            "lon": 104.916,
            "timezone": "Asia/Phnom_Penh",
            "isp": "VIETTEL (CAMBODIA) PTE., LTD",
            "org": "Viettel (cambodia) Pte, Ltd.",
            "as": "AS38623 ISP/IXP IN CAMBODIA WITH THE BEST VERVICE IN THERE.",
            "query": "36.37.146.119"
        }
    },
    {
        "ip": "181.57.131.122",
        "port": 8080,
        "geolocation": {
            "status": "success",
            "country": "Colombia",
            "countryCode": "CO",
            "region": "DC",
            "regionName": "Bogota D.C.",
            "city": "Bogot\u00e1",
            "zip": "111411",
            "lat": 4.6115,
            "lon": -74.0833,
            "timezone": "America/Bogota",
            "isp": "Telmex Colombia S.A.",
            "org": "Telmex Colombia S.A.",
            "as": "AS14080 Telmex Colombia S.A.",
            "query": "181.57.131.122"
        }
    },
    {
        "ip": "181.212.45.226",
        "port": 8080,
        "geolocation": {
            "status": "success",
            "country": "Chile",
            "countryCode": "CL",
            "region": "RM",
            "regionName": "Santiago Metropolitan",
            "city": "Santiago",
            "zip": "34033",
            "lat": -33.4521,
            "lon": -70.6536,
            "timezone": "America/Santiago",
            "isp": "CTC. CORP S.A. (TELEFONICA EMPRESAS)",
            "org": "Telefonica Empresas Chile SA",
            "as": "AS16629 CTC. CORP S.A. (TELEFONICA EMPRESAS)",
            "query": "181.212.45.226"
        }
    },
    {
        "ip": "103.24.212.250",
        "port": 8082,
        "geolocation": {
            "status": "success",
            "country": "Indonesia",
            "countryCode": "ID",
            "region": "JT",
            "regionName": "Central Java",
            "city": "Semarang",
            "zip": "",
            "lat": -6.9932,
            "lon": 110.4215,
            "timezone": "Asia/Jakarta",
            "isp": "PT. ADAU PUTRA NETWORK",
            "org": "",
            "as": "AS132649 PT Adau Putra Network",
            "query": "103.24.212.250"
        }
    },
    {
        "ip": "189.232.93.142",
        "port": 8080,
        "geolocation": {
            "status": "success",
            "country": "Mexico",
            "countryCode": "MX",
            "region": "HID",
            "regionName": "Hidalgo",
            "city": "Tula de Allende",
            "zip": "42800",
            "lat": 20.063,
            "lon": -99.3797,
            "timezone": "America/Mexico_City",
            "isp": "Uninet S.A. de C.V.",
            "org": "Uninet S.A. de C.V.",
            "as": "AS8151 UNINET",
            "query": "189.232.93.142"
        }
    },
    {
        "ip": "124.6.168.26",
        "port": 80,
        "geolocation": {
            "status": "success",
            "country": "Philippines",
            "countryCode": "PH",
            "region": "07",
            "regionName": "Central Visayas",
            "city": "Lahug",
            "zip": "6000",
            "lat": 10.3099,
            "lon": 123.893,
            "timezone": "Asia/Manila",
            "isp": "INNOVE",
            "org": "",
            "as": "AS132199 Globe Telecom Inc.",
            "query": "124.6.168.26"
        }
    },
    {
        "ip": "161.34.40.112",
        "port": 3128,
        "geolocation": {
            "status": "success",
            "country": "Japan",
            "countryCode": "JP",
            "region": "12",
            "regionName": "Chiba",
            "city": "Higashifunabashi",
            "zip": "273-0001",
            "lat": 35.7074,
            "lon": 139.9955,
            "timezone": "Asia/Tokyo",
            "isp": "NTT PC Communications, Inc.",
            "org": "NTTPC Communications, Inc",
            "as": "AS2514 NTT PC Communications, Inc.",
            "query": "161.34.40.112"
        }
    },
    {
        "ip": "163.172.33.137",
        "port": 4017,
        "geolocation": {
            "status": "success",
            "country": "France",
            "countryCode": "FR",
            "region": "IDF",
            "regionName": "\u00cele-de-France",
            "city": "Vitry-sur-Seine",
            "zip": "94400",
            "lat": 48.792,
            "lon": 2.39851,
            "timezone": "Europe/Paris",
            "isp": "Online S.A.S.",
            "org": "ONLINE",
            "as": "AS12876 SCALEWAY S.A.S.",
            "query": "163.172.33.137"
        }
    },
    {
        "ip": "111.11.109.11",
        "port": 80,
        "geolocation": {
            "status": "success",
            "country": "China",
            "countryCode": "CN",
            "region": "HE",
            "regionName": "Hebei",
            "city": "Shijiazhuang",
            "zip": "050000",
            "lat": 38.036,
            "lon": 114.47,
            "timezone": "Asia/Shanghai",
            "isp": "China Mobile communications corporation",
            "org": "China Mobile",
            "as": "AS24547 Hebei Mobile Communication Company Limited",
            "query": "111.11.109.11"
        }
    },
    {
        "ip": "38.191.200.73",
        "port": 999,
        "geolocation": {
            "status": "success",
            "country": "Colombia",
            "countryCode": "CO",
            "region": "MET",
            "regionName": "Meta Department",
            "city": "Villavicencio",
            "zip": "500001",
            "lat": 4.1409,
            "lon": -73.626,
            "timezone": "America/Bogota",
            "isp": "Cogent Communications",
            "org": "",
            "as": "AS174 Cogent Communications",
            "query": "38.191.200.73"
        }
    },
    {
        "ip": "103.125.154.233",
        "port": 8080,
        "geolocation": {
            "status": "success",
            "country": "India",
            "countryCode": "IN",
            "region": "TN",
            "regionName": "Tamil Nadu",
            "city": "Tirupur",
            "zip": "641604",
            "lat": 11.1424,
            "lon": 77.3422,
            "timezone": "Asia/Kolkata",
            "isp": "Live Fibernet",
            "org": "",
            "as": "AS138746 Live Fibernet",
            "query": "103.125.154.233"
        }
    },
    {
        "ip": "161.34.40.115",
        "port": 3128,
        "geolocation": {
            "status": "success",
            "country": "Japan",
            "countryCode": "JP",
            "region": "12",
            "regionName": "Chiba",
            "city": "Higashifunabashi",
            "zip": "273-0001",
            "lat": 35.7074,
            "lon": 139.9955,
            "timezone": "Asia/Tokyo",
            "isp": "NTT PC Communications, Inc.",
            "org": "NTTPC Communications, Inc",
            "as": "AS2514 NTT PC Communications, Inc.",
            "query": "161.34.40.115"
        }
    },
    {
        "ip": "64.92.82.59",
        "port": 8080,
        "geolocation": {
            "status": "success",
            "country": "United States",
            "countryCode": "US",
            "region": "CA",
            "regionName": "California",
            "city": "Chula Vista",
            "zip": "91921",
            "lat": 32.64,
            "lon": -117.084,
            "timezone": "America/Los_Angeles",
            "isp": "Momentum Telecom, Inc.",
            "org": "Momentum Telecom, Inc.",
            "as": "AS33059 Momentum Telecom, Inc.",
            "query": "64.92.82.59"
        }
    },
    {
        "ip": "176.121.48.97",
        "port": 23500,
        "geolocation": {
            "status": "success",
            "country": "Russia",
            "countryCode": "RU",
            "region": "MOS",
            "regionName": "Moscow Oblast",
            "city": "Zhavoronki",
            "zip": "140763",
            "lat": 55.6494,
            "lon": 37.101,
            "timezone": "Europe/Moscow",
            "isp": "ZAO Greenline",
            "org": "Komteks Nikolino",
            "as": "AS199021 Greenline Ltd.",
            "query": "176.121.48.97"
        }
    },
    {
        "ip": "61.129.2.212",
        "port": 8080,
        "geolocation": {
            "status": "success",
            "country": "China",
            "countryCode": "CN",
            "region": "BJ",
            "regionName": "Beijing",
            "city": "Beijing",
            "zip": "100000",
            "lat": 39.9042,
            "lon": 116.407,
            "timezone": "Asia/Shanghai",
            "isp": "CHINANET",
            "org": "",
            "as": "AS4812 China Telecom (Group)",
            "query": "61.129.2.212"
        }
    },
    {
        "ip": "119.91.60.55",
        "port": 8790,
        "geolocation": {
            "status": "success",
            "country": "China",
            "countryCode": "CN",
            "region": "BJ",
            "regionName": "Beijing",
            "city": "Chaowai",
            "zip": "",
            "lat": 39.9084,
            "lon": 116.442,
            "timezone": "Asia/Shanghai",
            "isp": "China Internet Network Information Center",
            "org": "Tencent cloud computing (Beijing) Co., Ltd.",
            "as": "AS45090 Shenzhen Tencent Computer Systems Company Limited",
            "query": "119.91.60.55"
        }
    },
    {
        "ip": "1.1.220.100",
        "port": 8080,
        "geolocation": {
            "status": "success",
            "country": "Thailand",
            "countryCode": "TH",
            "region": "55",
            "regionName": "Nan",
            "city": "Nan",
            "zip": "55000",
            "lat": 18.7838,
            "lon": 100.779,
            "timezone": "Asia/Bangkok",
            "isp": "TOT Public Company Limited",
            "org": "TOT Public Company Limited",
            "as": "AS23969 TOT Public Company Limited",
            "query": "1.1.220.100"
        }
    },
    {
        "ip": "38.191.200.74",
        "port": 999,
        "geolocation": {
            "status": "success",
            "country": "Colombia",
            "countryCode": "CO",
            "region": "MET",
            "regionName": "Meta Department",
            "city": "Villavicencio",
            "zip": "500001",
            "lat": 4.1409,
            "lon": -73.626,
            "timezone": "America/Bogota",
            "isp": "Cogent Communications",
            "org": "",
            "as": "AS174 Cogent Communications",
            "query": "38.191.200.74"
        }
    },
    {
        "ip": "152.26.229.34",
        "port": 9443,
        "geolocation": {
            "status": "success",
            "country": "United States",
            "countryCode": "US",
            "region": "NC",
            "regionName": "North Carolina",
            "city": "Concord",
            "zip": "28027",
            "lat": 35.4155,
            "lon": -80.6143,
            "timezone": "America/New_York",
            "isp": "MCNC",
            "org": "MCNC",
            "as": "AS81 MCNC",
            "query": "152.26.229.34"
        }
    },
    {
        "ip": "85.15.93.132",
        "port": 7541,
        "geolocation": {
            "status": "success",
            "country": "Russia",
            "countryCode": "RU",
            "region": "KHA",
            "regionName": "Khabarovsk",
            "city": "Khabarovsk",
            "zip": "680011",
            "lat": 48.4627,
            "lon": 135.0551,
            "timezone": "Asia/Vladivostok",
            "isp": "Vostoktelecom Telephone Company Limited Liability Company",
            "org": "Vostoktelecom Telephone Company Limited Liability Company",
            "as": "AS34896 Vostoktelecom Telephone Company Limited Liability Company",
            "query": "85.15.93.132"
        }
    },
    {
        "ip": "5.189.130.42",
        "port": 23055,
        "geolocation": {
            "status": "success",
            "country": "Germany",
            "countryCode": "DE",
            "region": "BY",
            "regionName": "Bavaria",
            "city": "Nuremberg",
            "zip": "90475",
            "lat": 49.405,
            "lon": 11.1617,
            "timezone": "Europe/Berlin",
            "isp": "Contabo GmbH",
            "org": "Contabo GmbH",
            "as": "AS51167 Contabo GmbH",
            "query": "5.189.130.42"
        }
    },
    {
        "ip": "150.107.136.205",
        "port": 39843,
        "geolocation": {
            "status": "success",
            "country": "Indonesia",
            "countryCode": "ID",
            "region": "SU",
            "regionName": "North Sumatra",
            "city": "Medan",
            "zip": "",
            "lat": 3.5847,
            "lon": 98.6629,
            "timezone": "Asia/Jakarta",
            "isp": "PT. Media Antar Nusa",
            "org": "Nusanet MDN",
            "as": "AS23679 PT. Media Antar Nusa",
            "query": "150.107.136.205"
        }
    },
    {
        "ip": "103.242.104.146",
        "port": 3127,
        "geolocation": {
            "status": "success",
            "country": "Indonesia",
            "countryCode": "ID",
            "region": "JB",
            "regionName": "West Java",
            "city": "Bekasi",
            "zip": "",
            "lat": -6.2352,
            "lon": 106.9922,
            "timezone": "Asia/Jakarta",
            "isp": "PT Lintas Jaringan Nusantara",
            "org": "PT Lintas Jaringan Nusantara",
            "as": "AS58821 PT Lintas Jaringan Nusantara",
            "query": "103.242.104.146"
        }
    },
    {
        "ip": "18.169.83.87",
        "port": 1080,
        "geolocation": {
            "status": "success",
            "country": "United Kingdom",
            "countryCode": "GB",
            "region": "ENG",
            "regionName": "England",
            "city": "London",
            "zip": "W1B",
            "lat": 51.5074,
            "lon": -0.127758,
            "timezone": "Europe/London",
            "isp": "Amazon Technologies Inc.",
            "org": "AWS EC2 (eu-west-2)",
            "as": "AS16509 Amazon.com, Inc.",
            "query": "18.169.83.87"
        }
    },
    {
        "ip": "205.185.125.235",
        "port": 3128,
        "geolocation": {
            "status": "success",
            "country": "United States",
            "countryCode": "US",
            "region": "NV",
            "regionName": "Nevada",
            "city": "Las Vegas",
            "zip": "89101",
            "lat": 36.1697,
            "lon": -115.1236,
            "timezone": "America/Los_Angeles",
            "isp": "FranTech Solutions",
            "org": "FranTech Solutions",
            "as": "AS53667 FranTech Solutions",
            "query": "205.185.125.235"
        }
    },
    {
        "ip": "103.224.124.239",
        "port": 8080,
        "geolocation": {
            "status": "success",
            "country": "Indonesia",
            "countryCode": "ID",
            "region": "JB",
            "regionName": "West Java",
            "city": "Bogor",
            "zip": "",
            "lat": -6.5945,
            "lon": 106.789,
            "timezone": "Asia/Jakarta",
            "isp": "PT Curug Lintas Indonesia",
            "org": "PT Curug Lintas Indonesia",
            "as": "AS150197 PT Curug Lintas Indonesia",
            "query": "103.224.124.239"
        }
    },
    {
        "ip": "15.204.240.177",
        "port": 3128,
        "geolocation": {
            "status": "success",
            "country": "United States",
            "countryCode": "US",
            "region": "VA",
            "regionName": "Virginia",
            "city": "Reston",
            "zip": "20190",
            "lat": 38.9609,
            "lon": -77.3429,
            "timezone": "America/New_York",
            "isp": "OVH SAS",
            "org": "OVH US LLC",
            "as": "AS16276 OVH SAS",
            "query": "15.204.240.177"
        }
    },
    {
        "ip": "3.229.228.77",
        "port": 3128,
        "geolocation": {
            "status": "success",
            "country": "United States",
            "countryCode": "US",
            "region": "VA",
            "regionName": "Virginia",
            "city": "Ashburn",
            "zip": "20149",
            "lat": 39.0438,
            "lon": -77.4874,
            "timezone": "America/New_York",
            "isp": "Amazon Technologies Inc.",
            "org": "AWS EC2 (us-east-1)",
            "as": "AS14618 Amazon.com, Inc.",
            "query": "3.229.228.77"
        }
    },
    {
        "ip": "103.175.238.174",
        "port": 8080,
        "geolocation": {
            "status": "success",
            "country": "Indonesia",
            "countryCode": "ID",
            "region": "JB",
            "regionName": "West Java",
            "city": "Subang",
            "zip": "",
            "lat": -7.131,
            "lon": 108.5267,
            "timezone": "Asia/Jakarta",
            "isp": "PT Uliz Netmedia Solusindo",
            "org": "PT Uliz Netmedia Solusindo",
            "as": "AS147122 PT Uliz Netmedia Solusindo",
            "query": "103.175.238.174"
        }
    },
    {
        "ip": "212.83.143.49",
        "port": 50650,
        "geolocation": {
            "status": "success",
            "country": "France",
            "countryCode": "FR",
            "region": "IDF",
            "regionName": "\u00cele-de-France",
            "city": "Paris",
            "zip": "75008",
            "lat": 48.8714,
            "lon": 2.32141,
            "timezone": "Europe/Paris",
            "isp": "Online S.A.S.",
            "org": "ONLINE",
            "as": "AS12876 SCALEWAY S.A.S.",
            "query": "212.83.143.49"
        }
    },
    {
        "ip": "103.197.241.55",
        "port": 32650,
        "geolocation": {
            "status": "success",
            "country": "Cambodia",
            "countryCode": "KH",
            "region": "12",
            "regionName": "Phnom Penh",
            "city": "Phnom Penh",
            "zip": "",
            "lat": 11.5251,
            "lon": 104.927,
            "timezone": "Asia/Phnom_Penh",
            "isp": "COGETEL Co., Ltd",
            "org": "Cogetel Ltd",
            "as": "AS23673 Cogetel Online, Cambodia, ISP",
            "query": "103.197.241.55"
        }
    },
    {
        "ip": "152.26.229.47",
        "port": 9443,
        "geolocation": {
            "status": "success",
            "country": "United States",
            "countryCode": "US",
            "region": "NC",
            "regionName": "North Carolina",
            "city": "Concord",
            "zip": "28027",
            "lat": 35.4155,
            "lon": -80.6143,
            "timezone": "America/New_York",
            "isp": "MCNC",
            "org": "MCNC",
            "as": "AS81 MCNC",
            "query": "152.26.229.47"
        }
    },
    {
        "ip": "190.121.145.115",
        "port": 999,
        "geolocation": {
            "status": "success",
            "country": "Colombia",
            "countryCode": "CO",
            "region": "BOY",
            "regionName": "Departamento de Boyac\u00e1",
            "city": "Sogamoso",
            "zip": "152211",
            "lat": 5.7147,
            "lon": -72.9278,
            "timezone": "America/Bogota",
            "isp": "Media Commerce Partners S.A",
            "org": "Intersystem Ingenieria",
            "as": "AS27951 Media Commerce Partners S.A",
            "query": "190.121.145.115"
        }
    },
    {
        "ip": "34.215.74.117",
        "port": 80,
        "geolocation": {
            "status": "success",
            "country": "United States",
            "countryCode": "US",
            "region": "OR",
            "regionName": "Oregon",
            "city": "Portland",
            "zip": "97207",
            "lat": 45.5235,
            "lon": -122.676,
            "timezone": "America/Los_Angeles",
            "isp": "Amazon.com, Inc.",
            "org": "AWS EC2 (us-west-2)",
            "as": "AS16509 Amazon.com, Inc.",
            "query": "34.215.74.117"
        }
    },
    {
        "ip": "157.10.97.167",
        "port": 8080,
        "geolocation": {
            "status": "success",
            "country": "Indonesia",
            "countryCode": "ID",
            "region": "BE",
            "regionName": "Bengkulu",
            "city": "Bengkulu",
            "zip": "",
            "lat": -3.8615,
            "lon": 102.344,
            "timezone": "Asia/Jakarta",
            "isp": "PT Lintas Jaringan Nusantara",
            "org": "PT Javas Digital Telekomunikasi",
            "as": "AS58821 PT Lintas Jaringan Nusantara",
            "query": "157.10.97.167"
        }
    },
    {
        "ip": "65.1.40.47",
        "port": 1080,
        "geolocation": {
            "status": "success",
            "country": "India",
            "countryCode": "IN",
            "region": "MH",
            "regionName": "Maharashtra",
            "city": "Mumbai",
            "zip": "400001",
            "lat": 19.076,
            "lon": 72.8777,
            "timezone": "Asia/Kolkata",
            "isp": "Amazon.com",
            "org": "AWS EC2 (ap-south-1)",
            "as": "AS16509 Amazon.com, Inc.",
            "query": "65.1.40.47"
        }
    },
    {
        "ip": "13.234.24.116",
        "port": 1080,
        "geolocation": {
            "status": "success",
            "country": "India",
            "countryCode": "IN",
            "region": "MH",
            "regionName": "Maharashtra",
            "city": "Mumbai",
            "zip": "400001",
            "lat": 19.076,
            "lon": 72.8777,
            "timezone": "Asia/Kolkata",
            "isp": "Amazon Technologies Inc.",
            "org": "AWS EC2 (ap-south-1)",
            "as": "AS16509 Amazon.com, Inc.",
            "query": "13.234.24.116"
        }
    },
    {
        "ip": "152.26.231.86",
        "port": 9443,
        "geolocation": {
            "status": "success",
            "country": "United States",
            "countryCode": "US",
            "region": "NC",
            "regionName": "North Carolina",
            "city": "Concord",
            "zip": "28027",
            "lat": 35.4155,
            "lon": -80.6143,
            "timezone": "America/New_York",
            "isp": "MCNC",
            "org": "MCNC",
            "as": "AS81 MCNC",
            "query": "152.26.231.86"
        }
    },
    {
        "ip": "211.104.20.205",
        "port": 8080,
        "geolocation": {
            "status": "success",
            "country": "South Korea",
            "countryCode": "KR",
            "region": "11",
            "regionName": "Seoul",
            "city": "Seoul",
            "zip": "04524",
            "lat": 37.5794,
            "lon": 126.9754,
            "timezone": "Asia/Seoul",
            "isp": "Korea Telecom",
            "org": "Jusikhoesa itekeusiseu",
            "as": "AS4766 Korea Telecom",
            "query": "211.104.20.205"
        }
    },
    {
        "ip": "152.26.229.93",
        "port": 9443,
        "geolocation": {
            "status": "success",
            "country": "United States",
            "countryCode": "US",
            "region": "NC",
            "regionName": "North Carolina",
            "city": "Concord",
            "zip": "28027",
            "lat": 35.4155,
            "lon": -80.6143,
            "timezone": "America/New_York",
            "isp": "MCNC",
            "org": "MCNC",
            "as": "AS81 MCNC",
            "query": "152.26.229.93"
        }
    },
    {
        "ip": "187.1.57.206",
        "port": 20183,
        "geolocation": {
            "status": "success",
            "country": "Brazil",
            "countryCode": "BR",
            "region": "MG",
            "regionName": "Minas Gerais",
            "city": "Nova Lima",
            "zip": "34000",
            "lat": -20.0735,
            "lon": -43.8957,
            "timezone": "America/Sao_Paulo",
            "isp": "Companhia Itabirana Telecomunica\u00e7\u00f5es Ltda",
            "org": "Companhia Itabirana Telecomunica\u00e7\u00f5es Ltda",
            "as": "AS28201 Companhia Itabirana Telecomunica\u00e7\u00f5es Ltda",
            "query": "187.1.57.206"
        }
    },
    {
        "ip": "161.34.40.115",
        "port": 3128,
        "geolocation": {
            "status": "success",
            "country": "Japan",
            "countryCode": "JP",
            "region": "12",
            "regionName": "Chiba",
            "city": "Higashifunabashi",
            "zip": "273-0001",
            "lat": 35.7074,
            "lon": 139.9955,
            "timezone": "Asia/Tokyo",
            "isp": "NTT PC Communications, Inc.",
            "org": "NTTPC Communications, Inc",
            "as": "AS2514 NTT PC Communications, Inc.",
            "query": "161.34.40.115"
        }
    },
    {
        "ip": "1.0.170.50",
        "port": 8080,
        "geolocation": {
            "status": "success",
            "country": "Thailand",
            "countryCode": "TH",
            "region": "10",
            "regionName": "Bangkok",
            "city": "Khwaeng Thung Song Hong",
            "zip": "10210",
            "lat": 13.8983,
            "lon": 100.582,
            "timezone": "Asia/Bangkok",
            "isp": "TOT Public Company Limited",
            "org": "TOT Public Company Limited",
            "as": "AS23969 TOT Public Company Limited",
            "query": "1.0.170.50"
        }
    },
    {
        "ip": "197.232.47.122",
        "port": 8080,
        "geolocation": {
            "status": "success",
            "country": "Kenya",
            "countryCode": "KE",
            "region": "30",
            "regionName": "Nairobi County",
            "city": "Nairobi",
            "zip": "09831",
            "lat": -1.2841,
            "lon": 36.8155,
            "timezone": "Africa/Nairobi",
            "isp": "Jamii Telecommunications Limited",
            "org": "FAIBA",
            "as": "AS36866 Jamii Telecommunications Limited",
            "query": "197.232.47.122"
        }
    },
    {
        "ip": "152.26.229.83",
        "port": 9443,
        "geolocation": {
            "status": "success",
            "country": "United States",
            "countryCode": "US",
            "region": "NC",
            "regionName": "North Carolina",
            "city": "Concord",
            "zip": "28027",
            "lat": 35.4155,
            "lon": -80.6143,
            "timezone": "America/New_York",
            "isp": "MCNC",
            "org": "MCNC",
            "as": "AS81 MCNC",
            "query": "152.26.229.83"
        }
    },
    {
        "ip": "197.232.85.163",
        "port": 8080,
        "geolocation": {
            "status": "success",
            "country": "Kenya",
            "countryCode": "KE",
            "region": "30",
            "regionName": "Nairobi County",
            "city": "Nairobi",
            "zip": "09831",
            "lat": -1.2841,
            "lon": 36.8155,
            "timezone": "Africa/Nairobi",
            "isp": "Jamii Telecommunications Limited",
            "org": "Faiba Enterprise",
            "as": "AS36866 Jamii Telecommunications Limited",
            "query": "197.232.85.163"
        }
    },
    {
        "ip": "118.43.114.10",
        "port": 8080,
        "geolocation": {
            "status": "success",
            "country": "South Korea",
            "countryCode": "KR",
            "region": "45",
            "regionName": "Jeollabuk-do",
            "city": "Gunsan",
            "zip": "540",
            "lat": 35.957,
            "lon": 126.744,
            "timezone": "Asia/Seoul",
            "isp": "Korea Telecom",
            "org": "Korea Telecom",
            "as": "AS4766 Korea Telecom",
            "query": "118.43.114.10"
        }
    },
    {
        "ip": "197.254.84.86",
        "port": 32650,
        "geolocation": {
            "status": "success",
            "country": "Kenya",
            "countryCode": "KE",
            "region": "30",
            "regionName": "Nairobi County",
            "city": "Nairobi",
            "zip": "09831",
            "lat": -1.27299,
            "lon": 36.8112,
            "timezone": "Africa/Nairobi",
            "isp": "ACCESSKENYA",
            "org": "",
            "as": "AS15808 ACCESSKENYA GROUP LTD is an ISP serving",
            "query": "197.254.84.86"
        }
    },
    {
        "ip": "1.1.220.100",
        "port": 8080,
        "geolocation": {
            "status": "success",
            "country": "Thailand",
            "countryCode": "TH",
            "region": "55",
            "regionName": "Nan",
            "city": "Nan",
            "zip": "55000",
            "lat": 18.7838,
            "lon": 100.779,
            "timezone": "Asia/Bangkok",
            "isp": "TOT Public Company Limited",
            "org": "TOT Public Company Limited",
            "as": "AS23969 TOT Public Company Limited",
            "query": "1.1.220.100"
        }
    },
    {
        "ip": "187.94.16.59",
        "port": 39665,
        "geolocation": {
            "status": "success",
            "country": "Brazil",
            "countryCode": "BR",
            "region": "BA",
            "regionName": "Bahia",
            "city": "Irec\u00ea",
            "zip": "44900",
            "lat": -11.2984,
            "lon": -41.84,
            "timezone": "America/Bahia",
            "isp": "Holistica Provedor Internet Ltda",
            "org": "Holistica Provedor Internet Ltda",
            "as": "AS53075 Holistica Provedor Internet Ltda",
            "query": "187.94.16.59"
        }
    },
    {
        "ip": "160.86.242.23",
        "port": 8080,
        "geolocation": {
            "status": "success",
            "country": "Japan",
            "countryCode": "JP",
            "region": "27",
            "regionName": "Osaka",
            "city": "Osaka",
            "zip": "541-0051",
            "lat": 34.6823,
            "lon": 135.5105,
            "timezone": "Asia/Tokyo",
            "isp": "Sony Network Communications Inc",
            "org": "Sony Network Communications Inc.",
            "as": "AS2527 Sony Network Communications Inc.",
            "query": "160.86.242.23"
        }
    },
    {
        "ip": "103.164.214.122",
        "port": 8080,
        "geolocation": {
            "status": "success",
            "country": "Indonesia",
            "countryCode": "ID",
            "region": "JK",
            "regionName": "Jakarta",
            "city": "Cilangkap",
            "zip": "",
            "lat": -6.345,
            "lon": 106.9013,
            "timezone": "Asia/Jakarta",
            "isp": "PT iForte Global Internet",
            "org": "Solusinet",
            "as": "AS17995 PT iForte Global Internet",
            "query": "103.164.214.122"
        }
    },
    {
        "ip": "27.147.131.41",
        "port": 58080,
        "geolocation": {
            "status": "success",
            "country": "Bangladesh",
            "countryCode": "BD",
            "region": "C",
            "regionName": "Dhaka Division",
            "city": "Dhaka",
            "zip": "1204",
            "lat": 23.7004,
            "lon": 90.4287,
            "timezone": "Asia/Dhaka",
            "isp": "Link3 Technologies Limited",
            "org": "Corporate Subscriber",
            "as": "AS23688 Link3 Technologies Ltd.",
            "query": "27.147.131.41"
        }
    },
    {
        "ip": "152.26.229.46",
        "port": 9443,
        "geolocation": {
            "status": "success",
            "country": "United States",
            "countryCode": "US",
            "region": "NC",
            "regionName": "North Carolina",
            "city": "Concord",
            "zip": "28027",
            "lat": 35.4155,
            "lon": -80.6143,
            "timezone": "America/New_York",
            "isp": "MCNC",
            "org": "MCNC",
            "as": "AS81 MCNC",
            "query": "152.26.229.46"
        }
    },
    {
        "ip": "161.34.40.36",
        "port": 3128,
        "geolocation": {
            "status": "success",
            "country": "Japan",
            "countryCode": "JP",
            "region": "12",
            "regionName": "Chiba",
            "city": "Higashifunabashi",
            "zip": "273-0001",
            "lat": 35.7074,
            "lon": 139.9955,
            "timezone": "Asia/Tokyo",
            "isp": "NTT PC Communications, Inc.",
            "org": "NTTPC Communications, Inc",
            "as": "AS2514 NTT PC Communications, Inc.",
            "query": "161.34.40.36"
        }
    },
    {
        "ip": "112.17.10.41",
        "port": 3128,
        "geolocation": {
            "status": "success",
            "country": "China",
            "countryCode": "CN",
            "region": "ZJ",
            "regionName": "Zhejiang",
            "city": "Hangzhou",
            "zip": "",
            "lat": 30.2994,
            "lon": 120.1612,
            "timezone": "Asia/Shanghai",
            "isp": "China Mobile Communications Corporation",
            "org": "China Mobile Communications Corporation",
            "as": "AS56041 China Mobile communications corporation",
            "query": "112.17.10.41"
        }
    },
    {
        "ip": "1.2.211.22",
        "port": 8080,
        "geolocation": {
            "status": "success",
            "country": "Thailand",
            "countryCode": "TH",
            "region": "10",
            "regionName": "Bangkok",
            "city": "Bangkok",
            "zip": "10200",
            "lat": 13.7512,
            "lon": 100.5172,
            "timezone": "Asia/Bangkok",
            "isp": "TOT Public Company Limited",
            "org": "TOT Public Company Limited",
            "as": "AS23969 TOT Public Company Limited",
            "query": "1.2.211.22"
        }
    },
    {
        "ip": "37.16.29.249",
        "port": 3128,
        "geolocation": {
            "status": "success",
            "country": "United States",
            "countryCode": "US",
            "region": "IL",
            "regionName": "Illinois",
            "city": "Chicago",
            "zip": "60680",
            "lat": 41.8781,
            "lon": -87.6298,
            "timezone": "America/Chicago",
            "isp": "Fly.io, Inc.",
            "org": "Fly.io, Inc.",
            "as": "AS40509 Fly.io, Inc.",
            "query": "37.16.29.249"
        }
    },
    {
        "ip": "179.1.141.10",
        "port": 8080,
        "geolocation": {
            "status": "success",
            "country": "Colombia",
            "countryCode": "CO",
            "region": "DC",
            "regionName": "Bogota D.C.",
            "city": "Bogot\u00e1",
            "zip": "110211",
            "lat": 4.6681,
            "lon": -74.0303,
            "timezone": "America/Bogota",
            "isp": "Internexa S.a. E.S.P",
            "org": "Aditum Latinoamerica",
            "as": "AS262589 INTERNEXA Brasil Operadora de Telecomunica\u00e7\u00f5es S.A",
            "query": "179.1.141.10"
        }
    },
    {
        "ip": "60.217.33.47",
        "port": 9999,
        "geolocation": {
            "status": "success",
            "country": "China",
            "countryCode": "CN",
            "region": "SD",
            "regionName": "Shandong",
            "city": "Weifang",
            "zip": "261000",
            "lat": 36.7069,
            "lon": 119.162,
            "timezone": "Asia/Shanghai",
            "isp": "CNC Group CHINA169 Shandong Province Network",
            "org": "",
            "as": "AS4837 CHINA UNICOM China169 Backbone",
            "query": "60.217.33.47"
        }
    },
    {
        "ip": "152.26.231.93",
        "port": 9443,
        "geolocation": {
            "status": "success",
            "country": "United States",
            "countryCode": "US",
            "region": "NC",
            "regionName": "North Carolina",
            "city": "Concord",
            "zip": "28027",
            "lat": 35.4155,
            "lon": -80.6143,
            "timezone": "America/New_York",
            "isp": "MCNC",
            "org": "MCNC",
            "as": "AS81 MCNC",
            "query": "152.26.231.93"
        }
    },
    {
        "ip": "1.248.219.25",
        "port": 8080,
        "geolocation": {
            "status": "success",
            "country": "South Korea",
            "countryCode": "KR",
            "region": "11",
            "regionName": "Seoul",
            "city": "Gangbuk-gu",
            "zip": "011",
            "lat": 37.628,
            "lon": 127.0268,
            "timezone": "Asia/Seoul",
            "isp": "GSNeotek",
            "org": "broadNnet",
            "as": "AS38688 GSNeotek",
            "query": "1.248.219.25"
        }
    },
    {
        "ip": "85.232.243.235",
        "port": 8080,
        "geolocation": {
            "status": "success",
            "country": "Poland",
            "countryCode": "PL",
            "region": "14",
            "regionName": "Mazovia",
            "city": "Warsaw",
            "zip": "00-510",
            "lat": 52.2296,
            "lon": 21.0067,
            "timezone": "Europe/Warsaw",
            "isp": "ATMAN",
            "org": "ATM S.A.",
            "as": "AS24723 Atman Sp. z o.o.",
            "query": "85.232.243.235"
        }
    },
    {
        "ip": "103.174.238.105",
        "port": 8090,
        "geolocation": {
            "status": "success",
            "country": "Indonesia",
            "countryCode": "ID",
            "region": "JB",
            "regionName": "West Java",
            "city": "Indramayu",
            "zip": "",
            "lat": -6.3277,
            "lon": 108.3215,
            "timezone": "Asia/Jakarta",
            "isp": "PT Anugerah Cimanuk Raya",
            "org": "PT Anugerah Cimanuk Raya",
            "as": "AS141127 PT Anugerah Cimanuk Raya",
            "query": "103.174.238.105"
        }
    },
    {
        "ip": "47.236.150.172",
        "port": 1080,
        "geolocation": {
            "status": "success",
            "country": "Singapore",
            "countryCode": "SG",
            "region": "03",
            "regionName": "North West",
            "city": "Singapore",
            "zip": "858877",
            "lat": 1.35208,
            "lon": 103.82,
            "timezone": "Asia/Singapore",
            "isp": "Alibaba (US) Technology Co., Ltd.",
            "org": "Alibaba.com LLC",
            "as": "AS45102 Alibaba (US) Technology Co., Ltd.",
            "query": "47.236.150.172"
        }
    },
    {
        "ip": "2.189.148.1",
        "port": 8080,
        "geolocation": {
            "status": "success",
            "country": "Iran",
            "countryCode": "IR",
            "region": "23",
            "regionName": "Tehran",
            "city": "Tehran",
            "zip": "",
            "lat": 35.7219,
            "lon": 51.3347,
            "timezone": "Asia/Tehran",
            "isp": "Toloe Rayaneh Loghman Educational and Cultural Co.",
            "org": "Trlco",
            "as": "AS197343 Toloe Rayaneh Loghman Educational and Cultural Co.",
            "query": "2.189.148.1"
        }
    },
    {
        "ip": "152.26.231.42",
        "port": 9443,
        "geolocation": {
            "status": "success",
            "country": "United States",
            "countryCode": "US",
            "region": "NC",
            "regionName": "North Carolina",
            "city": "Concord",
            "zip": "28027",
            "lat": 35.4155,
            "lon": -80.6143,
            "timezone": "America/New_York",
            "isp": "MCNC",
            "org": "MCNC",
            "as": "AS81 MCNC",
            "query": "152.26.231.42"
        }
    },
    {
        "ip": "124.6.155.170",
        "port": 3131,
        "geolocation": {
            "status": "success",
            "country": "Philippines",
            "countryCode": "PH",
            "region": "00",
            "regionName": "Metro Manila",
            "city": "Taguig",
            "zip": "1630",
            "lat": 14.5535,
            "lon": 121.05,
            "timezone": "Asia/Manila",
            "isp": "Globe Telecom",
            "org": "Maribago",
            "as": "AS4775 Globe Telecoms",
            "query": "124.6.155.170"
        }
    },
    {
        "ip": "190.94.212.36",
        "port": 999,
        "geolocation": {
            "status": "success",
            "country": "Venezuela",
            "countryCode": "VE",
            "region": "A",
            "regionName": "Distrito Federal",
            "city": "Caracas",
            "zip": "",
            "lat": 10.4873,
            "lon": -66.8738,
            "timezone": "America/Caracas",
            "isp": "IFX Networks Venezuela C.A.",
            "org": "IFX Networks Venezuela C.A",
            "as": "AS8053 IFX Networks Venezuela C.A.",
            "query": "190.94.212.36"
        }
    },
    {
        "ip": "118.70.184.10",
        "port": 31300,
        "geolocation": {
            "status": "success",
            "country": "Vietnam",
            "countryCode": "VN",
            "region": "HN",
            "regionName": "Hanoi",
            "city": "Hanoi",
            "zip": "",
            "lat": 21.0292,
            "lon": 105.8526,
            "timezone": "Asia/Bangkok",
            "isp": "Vietnam Internet Network Information Center",
            "org": "",
            "as": "AS18403 FPT Telecom Company",
            "query": "118.70.184.10"
        }
    },
    {
        "ip": "43.134.229.98",
        "port": 3128,
        "geolocation": {
            "status": "success",
            "country": "Singapore",
            "countryCode": "SG",
            "region": "01",
            "regionName": "Central Singapore",
            "city": "Singapore",
            "zip": "048616",
            "lat": 1.28423,
            "lon": 103.852,
            "timezone": "Asia/Singapore",
            "isp": "Aceville Pte.ltd",
            "org": "",
            "as": "AS132203 Tencent Building, Kejizhongyi Avenue",
            "query": "43.134.229.98"
        }
    },
    {
        "ip": "103.234.35.150",
        "port": 8080,
        "geolocation": {
            "status": "success",
            "country": "Indonesia",
            "countryCode": "ID",
            "region": "JI",
            "regionName": "East Java",
            "city": "Jember",
            "zip": "",
            "lat": -8.1716,
            "lon": 113.7052,
            "timezone": "Asia/Jakarta",
            "isp": "PT. EXABIT GROUP NETWORK",
            "org": "PT. EXABIT GROUP NETWORK",
            "as": "AS151521 PT. EXABIT GROUP NETWORK",
            "query": "103.234.35.150"
        }
    },
    {
        "ip": "103.157.78.14",
        "port": 1111,
        "geolocation": {
            "status": "success",
            "country": "Indonesia",
            "countryCode": "ID",
            "region": "JK",
            "regionName": "Jakarta",
            "city": "Jakarta",
            "zip": "",
            "lat": -6.2114,
            "lon": 106.8446,
            "timezone": "Asia/Jakarta",
            "isp": "PT Super Media Indonesia",
            "org": "Eastmedia",
            "as": "AS141114 PT Super Media Indonesia",
            "query": "103.157.78.14"
        }
    },
    {
        "ip": "190.145.227.114",
        "port": 999,
        "geolocation": {
            "status": "success",
            "country": "Colombia",
            "countryCode": "CO",
            "region": "VAC",
            "regionName": "Valle del Cauca Department",
            "city": "Santiago de Cali",
            "zip": "760035",
            "lat": 3.4129,
            "lon": -76.5191,
            "timezone": "America/Bogota",
            "isp": "Telmex Colombia S.A.",
            "org": "Telmex Colombia S.A.",
            "as": "AS14080 Telmex Colombia S.A.",
            "query": "190.145.227.114"
        }
    },
    {
        "ip": "152.26.229.42",
        "port": 9443,
        "geolocation": {
            "status": "success",
            "country": "United States",
            "countryCode": "US",
            "region": "NC",
            "regionName": "North Carolina",
            "city": "Concord",
            "zip": "28027",
            "lat": 35.4155,
            "lon": -80.6143,
            "timezone": "America/New_York",
            "isp": "MCNC",
            "org": "MCNC",
            "as": "AS81 MCNC",
            "query": "152.26.229.42"
        }
    },
    {
        "ip": "119.47.90.109",
        "port": 8080,
        "geolocation": {
            "status": "success",
            "country": "Indonesia",
            "countryCode": "ID",
            "region": "JT",
            "regionName": "Central Java",
            "city": "Jatiroto",
            "zip": "",
            "lat": -7.88333,
            "lon": 111.117,
            "timezone": "Asia/Jakarta",
            "isp": "PT. JAWA POS NATIONAL NETWORK MEDIALINK",
            "org": "",
            "as": "AS138089 PT.Global Media Data Prima",
            "query": "119.47.90.109"
        }
    },
    {
        "ip": "152.26.231.83",
        "port": 9443,
        "geolocation": {
            "status": "success",
            "country": "United States",
            "countryCode": "US",
            "region": "NC",
            "regionName": "North Carolina",
            "city": "Concord",
            "zip": "28027",
            "lat": 35.4155,
            "lon": -80.6143,
            "timezone": "America/New_York",
            "isp": "MCNC",
            "org": "MCNC",
            "as": "AS81 MCNC",
            "query": "152.26.231.83"
        }
    },
    {
        "ip": "61.7.156.180",
        "port": 8080,
        "geolocation": {
            "status": "success",
            "country": "Thailand",
            "countryCode": "TH",
            "region": "10",
            "regionName": "Bangkok",
            "city": "Bangkok",
            "zip": "10110",
            "lat": 13.7063,
            "lon": 100.4597,
            "timezone": "Asia/Bangkok",
            "isp": "CAT Telecom Public Company Limited",
            "org": "National Telecom Public Company Limited",
            "as": "AS131090 CAT TELECOM Public Company Ltd,CAT",
            "query": "61.7.156.180"
        }
    },
    {
        "ip": "200.29.109.112",
        "port": 44749,
        "geolocation": {
            "status": "success",
            "country": "Colombia",
            "countryCode": "CO",
            "region": "VAC",
            "regionName": "Valle del Cauca Department",
            "city": "Santiago de Cali",
            "zip": "760002",
            "lat": 3.4129,
            "lon": -76.5191,
            "timezone": "America/Bogota",
            "isp": "Empresas Municipales De Cali E.i.c.e. E.S.P.",
            "org": "EMCALI - RANGOS FIJOS PPPoE",
            "as": "AS10299 EMPRESAS MUNICIPALES DE CALI E.I.C.E. E.S.P.",
            "query": "200.29.109.112"
        }
    },
    {
        "ip": "68.162.217.121",
        "port": 8080,
        "geolocation": {
            "status": "success",
            "country": "United States",
            "countryCode": "US",
            "region": "MA",
            "regionName": "Massachusetts",
            "city": "Leominster",
            "zip": "01453",
            "lat": 42.5301,
            "lon": -71.7553,
            "timezone": "America/New_York",
            "isp": "Verizon Business",
            "org": "Verizon",
            "as": "AS701 Verizon Business",
            "query": "68.162.217.121"
        }
    },
    {
        "ip": "38.156.73.202",
        "port": 8080,
        "geolocation": {
            "status": "success",
            "country": "T\u00fcrkiye",
            "countryCode": "TR",
            "region": "31",
            "regionName": "Hatay",
            "city": "Antakya",
            "zip": "31000",
            "lat": 36.2093,
            "lon": 36.1619,
            "timezone": "Europe/Istanbul",
            "isp": "High Speed Telekomunikasyon ve Hab. Hiz. Ltd. Sti.",
            "org": "High Speed Telekomunikasyon ve Haberlesme Hizmetleri Ltd Sti",
            "as": "AS202561 High Speed Telekomunikasyon ve Hab. Hiz. Ltd. Sti.",
            "query": "38.156.73.202"
        }
    },
    {
        "ip": "121.101.133.220",
        "port": 8080,
        "geolocation": {
            "status": "success",
            "country": "Indonesia",
            "countryCode": "ID",
            "region": "JT",
            "regionName": "Central Java",
            "city": "Klaten",
            "zip": "",
            "lat": -7.7049,
            "lon": 110.6019,
            "timezone": "Asia/Jakarta",
            "isp": "PT SELARAS CITRA TERABIT",
            "org": "Terabit",
            "as": "AS131706 PT SELARAS CITRA TERABIT",
            "query": "121.101.133.220"
        }
    },
    {
        "ip": "157.120.34.252",
        "port": 3128,
        "geolocation": {
            "status": "success",
            "country": "Japan",
            "countryCode": "JP",
            "region": "13",
            "regionName": "Tokyo",
            "city": "Minato-ku",
            "zip": "206-0042",
            "lat": 35.6673,
            "lon": 139.751,
            "timezone": "Asia/Tokyo",
            "isp": "NTT PC Communications, Inc.",
            "org": "NTT PC Communications, Inc.",
            "as": "AS2514 NTT PC Communications, Inc.",
            "query": "157.120.34.252"
        }
    },
    {
        "ip": "178.48.68.61",
        "port": 18080,
        "geolocation": {
            "status": "success",
            "country": "Hungary",
            "countryCode": "HU",
            "region": "PE",
            "regionName": "Pest County",
            "city": "Szigetszentmikl\u00f3s",
            "zip": "2310",
            "lat": 47.339,
            "lon": 19.0399,
            "timezone": "Europe/Budapest",
            "isp": "UPC",
            "org": "UPC Magyarorszag Kft.",
            "as": "AS21334 Vodafone Hungary Ltd.",
            "query": "178.48.68.61"
        }
    },
    {
        "ip": "156.225.70.152",
        "port": 39151,
        "geolocation": {
            "status": "success",
            "country": "United States",
            "countryCode": "US",
            "region": "NJ",
            "regionName": "New Jersey",
            "city": "Piscataway",
            "zip": "08855",
            "lat": 40.5549,
            "lon": -74.4643,
            "timezone": "America/New_York",
            "isp": "ZAgency Media and Technology Company Limited",
            "org": "ZAgency Media and Technology Company Limited",
            "as": "AS23470 ReliableSite.Net LLC",
            "query": "156.225.70.152"
        }
    },
    {
        "ip": "152.26.229.86",
        "port": 9443,
        "geolocation": {
            "status": "success",
            "country": "United States",
            "countryCode": "US",
            "region": "NC",
            "regionName": "North Carolina",
            "city": "Concord",
            "zip": "28027",
            "lat": 35.4155,
            "lon": -80.6143,
            "timezone": "America/New_York",
            "isp": "MCNC",
            "org": "MCNC",
            "as": "AS81 MCNC",
            "query": "152.26.229.86"
        }
    },
    {
        "ip": "152.26.231.94",
        "port": 9443,
        "geolocation": {
            "status": "success",
            "country": "United States",
            "countryCode": "US",
            "region": "NC",
            "regionName": "North Carolina",
            "city": "Concord",
            "zip": "28027",
            "lat": 35.4155,
            "lon": -80.6143,
            "timezone": "America/New_York",
            "isp": "MCNC",
            "org": "MCNC",
            "as": "AS81 MCNC",
            "query": "152.26.231.94"
        }
    },
    {
        "ip": "38.191.200.72",
        "port": 999,
        "geolocation": {
            "status": "success",
            "country": "Colombia",
            "countryCode": "CO",
            "region": "MET",
            "regionName": "Meta Department",
            "city": "Villavicencio",
            "zip": "500001",
            "lat": 4.1409,
            "lon": -73.626,
            "timezone": "America/Bogota",
            "isp": "Cogent Communications",
            "org": "",
            "as": "AS174 Cogent Communications",
            "query": "38.191.200.72"
        }
    },
    {
        "ip": "38.191.200.73",
        "port": 999,
        "geolocation": {
            "status": "success",
            "country": "Colombia",
            "countryCode": "CO",
            "region": "MET",
            "regionName": "Meta Department",
            "city": "Villavicencio",
            "zip": "500001",
            "lat": 4.1409,
            "lon": -73.626,
            "timezone": "America/Bogota",
            "isp": "Cogent Communications",
            "org": "",
            "as": "AS174 Cogent Communications",
            "query": "38.191.200.73"
        }
    },
    {
        "ip": "41.33.219.131",
        "port": 1981,
        "geolocation": {
            "status": "success",
            "country": "Egypt",
            "countryCode": "EG",
            "region": "C",
            "regionName": "Cairo Governorate",
            "city": "Cairo",
            "zip": "",
            "lat": 30.0588,
            "lon": 31.2268,
            "timezone": "Africa/Cairo",
            "isp": "TE Data",
            "org": "",
            "as": "AS8452 TE-AS",
            "query": "41.33.219.131"
        }
    },
    {
        "ip": "158.160.63.194",
        "port": 8090,
        "geolocation": {
            "status": "success",
            "country": "Russia",
            "countryCode": "RU",
            "region": "MOW",
            "regionName": "Moscow",
            "city": "Moscow",
            "zip": "121099",
            "lat": 55.7483,
            "lon": 37.6171,
            "timezone": "Europe/Moscow",
            "isp": "Yandex.Cloud LLC",
            "org": "Yandex.Cloud LLC",
            "as": "AS200350 Yandex.Cloud LLC",
            "query": "158.160.63.194"
        }
    },
    {
        "ip": "181.205.74.98",
        "port": 21901,
        "geolocation": {
            "status": "success",
            "country": "Colombia",
            "countryCode": "CO",
            "region": "ANT",
            "regionName": "Antioquia",
            "city": "Medell\u00edn",
            "zip": "050021",
            "lat": 6.2529,
            "lon": -75.5646,
            "timezone": "America/Bogota",
            "isp": "Colombia M\u00f3vil",
            "org": "Colombia M\u00f3vil",
            "as": "AS27831 Colombia M\u00f3vil",
            "query": "181.205.74.98"
        }
    },
    {
        "ip": "38.191.200.75",
        "port": 999,
        "geolocation": {
            "status": "success",
            "country": "Colombia",
            "countryCode": "CO",
            "region": "MET",
            "regionName": "Meta Department",
            "city": "Villavicencio",
            "zip": "500001",
            "lat": 4.1409,
            "lon": -73.626,
            "timezone": "America/Bogota",
            "isp": "Cogent Communications",
            "org": "",
            "as": "AS174 Cogent Communications",
            "query": "38.191.200.75"
        }
    }
]